RP01	0x94, 0xE6, 0x86, 0x11, 0x65, 0x30
RP02	0xC8, 0xF0, 0x9E, 0x00, 0x69, 0x84
RP03	0xC8, 0xF0, 0x9E, 0x03, 0x30, 0xDC
RP04	0x78, 0x21, 0x84, 0xC0, 0x60, 0xFC
RP05	0x78, 0x21, 0x84, 0xDB, 0x23, 0xA8
RP06	0xC8, 0xF0, 0x9E, 0x0D, 0x63, 0x78
RP07	0xC8, 0xF0, 0x9E, 0x02, 0x00, 0xC0
RP08	0xC8, 0xF0, 0x9E, 0x00, 0xCF, 0xE0
RP09	0xC8, 0xF0, 0x9E, 0x00, 0x79, 0x38
RP10	0x78, 0x21, 0x84, 0xDA, 0x4E, 0xD4
RP11	0xC8, 0xF0, 0x9E, 0x29, 0x3B, 0xD0
RP12	0xC4, 0xDE, 0xE2, 0x0D, 0xD2, 0x70
RP13	0xC8, 0xF0, 0x9E, 0x0C, 0xAD, 0x14
RP14	0xC8, 0xF0, 0x9E, 0x04, 0x21, 0xB4
RP15	0xC8, 0xF0, 0x9E, 0x00, 0x66, 0x60
RP16	0x78, 0x21, 0x84, 0xBF, 0x99, 0x50
RP17	0xC8, 0xF0, 0x9E, 0x0D, 0x7E, 0xFC

